<eml:eml xmlns:eml="eml://ecoinformatics.org/eml-2.1.1"
         xmlns:dc="http://purl.org/dc/terms/"
         xmlns:xsi="http://www.w3.org/2001/XMLSchema-instance"
         xsi:schemaLocation="eml://ecoinformatics.org/eml-2.1.1 http://rs.gbif.org/schema/eml-gbif-profile/1.1/eml.xsd"
         packageId="3f8a1297-3259-4700-91fc-acc4170b27ce/v37.9" system="http://gbif.org" scope="system"
         xml:lang="eng">

<dataset>
  <alternateIdentifier>doi:10.5886/zw3aqw</alternateIdentifier>
  <alternateIdentifier>3f8a1297-3259-4700-91fc-acc4170b27ce</alternateIdentifier>
  <alternateIdentifier>http://dx.doi.org/10.5886/1bft7W5f</alternateIdentifier>
  <alternateIdentifier>Base de données des plantes vasculaires du Canada (VASCAN)</alternateIdentifier>
  <alternateIdentifier>https://data.canadensys.net/ipt/resource?r=vascan</alternateIdentifier>
  <title xml:lang="eng">Database of Vascular Plants of Canada (VASCAN)</title>
      <creator>
    <individualName>
        <givenName>Luc</givenName>
      <surName>Brouillet</surName>
    </individualName>
    <organizationName>Université de Montréal Biodiversity Centre</organizationName>
    <positionName>Professor</positionName>
    <address>
        <deliveryPoint>4101 rue Sherbrooke est</deliveryPoint>
        <city>Montreal</city>
        <administrativeArea>Quebec</administrativeArea>
        <postalCode>H1X2B2</postalCode>
        <country>CA</country>
    </address>
    <electronicMailAddress>luc.brouillet@umontreal.ca</electronicMailAddress>
    <onlineUrl>http://www.irbv.umontreal.ca/luc-brouillet</onlineUrl>
      </creator>
      <metadataProvider>
    <individualName>
        <givenName>Luc</givenName>
      <surName>Brouillet</surName>
    </individualName>
    <organizationName>Université de Montréal Biodiversity Centre</organizationName>
    <positionName>Professor</positionName>
    <address>
        <deliveryPoint>4101 rue Sherbrooke est</deliveryPoint>
        <city>Montreal</city>
        <administrativeArea>Quebec</administrativeArea>
        <postalCode>H1X2B2</postalCode>
        <country>CA</country>
    </address>
    <electronicMailAddress>luc.brouillet@umontreal.ca</electronicMailAddress>
    <onlineUrl>http://www.irbv.umontreal.ca/luc-brouillet</onlineUrl>
      </metadataProvider>
      <associatedParty>
    <individualName>
        <givenName>Luc</givenName>
      <surName>Brouillet</surName>
    </individualName>
    <organizationName>Université de Montréal Biodiversity Centre</organizationName>
    <positionName>Professor</positionName>
    <address>
        <deliveryPoint>4101 rue Sherbrooke est</deliveryPoint>
        <city>Montreal</city>
        <administrativeArea>Quebec</administrativeArea>
        <postalCode>H1X2B2</postalCode>
        <country>CA</country>
    </address>
    <electronicMailAddress>luc.brouillet@umontreal.ca</electronicMailAddress>
    <onlineUrl>http://www.irbv.umontreal.ca/luc-brouillet</onlineUrl>
    <role>editor</role>
      </associatedParty>
      <associatedParty>
    <individualName>
        <givenName>Frédéric</givenName>
      <surName>Coursol</surName>
    </individualName>
    <organizationName>Montreal Botanical Garden</organizationName>
    <address>
        <deliveryPoint>4101 rue Sherbrooke est</deliveryPoint>
        <city>Montreal</city>
        <administrativeArea>Quebec</administrativeArea>
        <postalCode>H1X2B2</postalCode>
        <country>CA</country>
    </address>
    <electronicMailAddress>frederic.coursol@ville.montreal.qc.ca</electronicMailAddress>
    <role>editor</role>
      </associatedParty>
      <associatedParty>
    <individualName>
        <givenName>Susan</givenName>
      <surName>Meades</surName>
    </individualName>
    <organizationName>Northern Ontario Plant Database</organizationName>
    <positionName>Director</positionName>
    <address>
        <deliveryPoint>c/o Herbarium, Great Lakes Forestry Centre, 1219 Queen Ste. East</deliveryPoint>
        <city>Sault Ste. Marie</city>
        <administrativeArea>Ontario</administrativeArea>
        <postalCode>P6A2E5</postalCode>
        <country>CA</country>
    </address>
    <electronicMailAddress>herbaria@nrcan.gc.ca</electronicMailAddress>
    <onlineUrl>http://www.northernontarioflora.ca</onlineUrl>
    <role>editor</role>
      </associatedParty>
      <associatedParty>
    <individualName>
        <givenName>Marc</givenName>
      <surName>Favreau</surName>
    </individualName>
    <organizationName>Translation Bureau (Government of Canada)</organizationName>
    <positionName>Translator and Language Advisor</positionName>
    <address>
        <deliveryPoint>Place Bonaventure, Northwest Entrance, Suite 8950</deliveryPoint>
        <city>Montreal</city>
        <administrativeArea>Quebec</administrativeArea>
        <postalCode>H5A1K6</postalCode>
        <country>CA</country>
    </address>
    <electronicMailAddress>marc.favreau@tpsgc-pwgsc.gc.ca</electronicMailAddress>
    <role>editor</role>
      </associatedParty>
      <associatedParty>
    <individualName>
        <givenName>Marilyn</givenName>
      <surName>Anions</surName>
    </individualName>
    <organizationName>NatureServe Canada</organizationName>
    <positionName>Director of Science</positionName>
    <address>
        <deliveryPoint>960 Carling Avenue</deliveryPoint>
        <city>Ottawa</city>
        <administrativeArea>Ontario</administrativeArea>
        <postalCode>K1A0C6</postalCode>
        <country>CA</country>
    </address>
    <electronicMailAddress>manions@natureserve.ca</electronicMailAddress>
    <role>editor</role>
      </associatedParty>
      <associatedParty>
    <individualName>
        <givenName>Jérémy</givenName>
      <surName>Goimard</surName>
    </individualName>
    <organizationName>Université de Montréal Biodiversity Centre</organizationName>
    <positionName>Biodiversity Informatics Programmer</positionName>
    <address>
        <deliveryPoint>4101 rue Sherbrooke est</deliveryPoint>
        <city>Montreal</city>
        <administrativeArea>Quebec</administrativeArea>
        <postalCode>H1X2B2</postalCode>
        <country>CA</country>
    </address>
    <electronicMailAddress>canadensys.network@gmail.com</electronicMailAddress>
    <role>programmer</role>
      </associatedParty>
      <associatedParty>
    <individualName>
        <givenName>Carole</givenName>
      <surName>Sinou</surName>
    </individualName>
    <organizationName>Université de Montréal Biodiversity Centre</organizationName>
    <positionName>Research Officer in Biodiversity</positionName>
    <address>
        <deliveryPoint>4101 Sherbrooke est</deliveryPoint>
        <city>Montreal</city>
        <administrativeArea>Quebec</administrativeArea>
        <postalCode>H1X2B2</postalCode>
        <country>CA</country>
    </address>
    <electronicMailAddress>canadensys.network@gmail.com</electronicMailAddress>
    <role>publisher</role>
      </associatedParty>
  <pubDate>
      2020-09-04
  </pubDate>
  <language>eng</language>
  <abstract>
    <para>The Database of Vascular Plants of Canada or VASCAN (http://data.canadensys.net/vascan) is a comprehensive and curated checklist of all vascular plants reported in Canada, Greenland (Denmark), and Saint Pierre and Miquelon (France). VASCAN was developed at the Université de Montréal Biodiversity Centre and is maintained by a group of editors and contributors. For every core taxon in the checklist (species, subspecies, or variety), VASCAN provides the accepted scientific name, the accepted French and English vernacular names, and their synonyms/alternatives in Canada, as well as the distribution status (native, introduced, ephemeral, excluded, extirpated, doubtful or absent) of the plant for each province or territory, and the habit (tree, shrub, herb and/or vine) of the plant in Canada. For reported hybrids (nothotaxa or hybrid formulas) VASCAN also provides the hybrid parents, except if the parents of the hybrid do not occur in Canada. All taxa are linked to a classification. VASCAN refers to a source for all name, classification and distribution information.

All data have been released to the public domain under a CC0 waiver and are available through Canadensys and the Global Biodiversity Information Facility (GBIF). VASCAN is a service to the scientific community and the general public, including administrations, companies, and non-governmental organizations.</para>
  </abstract>
      <keywordSet>
            <keyword>VASCAN</keyword>
            <keyword>Canadensys</keyword>
            <keyword>Canada</keyword>
            <keyword>Greenland</keyword>
            <keyword>Saint Pierre and Miquelon</keyword>
            <keyword>checklist</keyword>
            <keyword>taxonomy</keyword>
            <keyword>synonymy</keyword>
            <keyword>hybrids</keyword>
            <keyword>vernacular names</keyword>
            <keyword>English</keyword>
            <keyword>French</keyword>
            <keyword>distribution</keyword>
            <keyword>provinces</keyword>
            <keyword>habit</keyword>
            <keyword>open data</keyword>
        <keywordThesaurus>n/a</keywordThesaurus>
      </keywordSet>
      <keywordSet>
            <keyword>Checklist</keyword>
        <keywordThesaurus>GBIF Dataset Type Vocabulary: http://rs.gbif.org/vocabulary/gbif/dataset_type.xml</keywordThesaurus>
      </keywordSet>
      <keywordSet>
            <keyword>Inventoryregional</keyword>
        <keywordThesaurus>GBIF Dataset Subtype Vocabulary: http://rs.gbif.org/vocabulary/gbif/dataset_subtype.xml</keywordThesaurus>
      </keywordSet>
  <additionalInfo>
    <para>The data paper for this dataset is also available on GitHub at https://github.com/peterdesmet/vascan-data-paper.</para>
  </additionalInfo>
  <intellectualRights>
    <para>To the extent possible under law, the publisher has waived all rights to these data and has dedicated them to the <ulink url="http://creativecommons.org/publicdomain/zero/1.0/legalcode"><citetitle>Public Domain (CC0 1.0)</citetitle></ulink>. Users may copy, modify, distribute and use the work, including for commercial purposes, without restriction.</para>
  </intellectualRights>
  <distribution scope="document">
    <online>
      <url function="information">http://data.canadensys.net/vascan/</url>
    </online>
  </distribution>
  <coverage>
      <geographicCoverage>
          <geographicDescription>The checklist covers all vascular plants reported in Canada, Greenland (Denmark), and Saint Pierre and Miquelon (France). The latter two regions are added because their floras are intimately related to that of Canada and it is useful for Canadians and others to know about them. Provincial distributions are provided to help Canadians visualize the relationship among the floras of their provinces and territories. VASCAN does not intend to replace regional or provincial lists but to act as a complement to them. The covered regions are, in alphabetical order: Alberta, British Columbia, Greenland, Labrador, Manitoba, New Brunswick, Newfoundland, Northwest Territories, Nova Scotia, Nunavut, Ontario, Prince Edward Island, Quebec, Saint Pierre and Miquelon, Saskatchewan, and Yukon.

The distribution status of the plant is indicated per region. These can be grouped as present (native, introduced or ephemeral), previously reported but currently considered absent (excluded, extirpated), doubtful or not reported (absent). The latter status is not recorded in the database (null value). Excluded taxa are those considered not currently occurring in a region, due either to non-recurring ephemeralness, misidentification, lack of supporting documentation, or when specimens are old and the taxon has not been observed again in more than 50 years. All distribution statuses are defined at http://data.canadensys.net/vascan/about/#distribution.

The VASCAN website (http://data.canadensys.net/vascan) provides a distribution map for each taxon. For higher taxa, these are calculated based on lower taxa, with the distribution statuses ordered as such: native, introduced, ephemeral, excluded, extirpated, doubtful, absent. E.g., if two species within the same genus are respectively native and doubtful in a certain region, the genus is considered native for that region.

The website also provides a checklist builder (http://data.canadensys.net/vascan/checklist), where users can generate their own list of taxa based on several criteria (taxonomy, region, distribution status, or a combination of these) and download this as a Darwin Core Archive or text file.</geographicDescription>
        <boundingCoordinates>
          <westBoundingCoordinate>-141</westBoundingCoordinate>
          <eastBoundingCoordinate>-11.317</eastBoundingCoordinate>
          <northBoundingCoordinate>83.667</northBoundingCoordinate>
          <southBoundingCoordinate>41.667</southBoundingCoordinate>
        </boundingCoordinates>
      </geographicCoverage>
          <taxonomicCoverage>
              <generalTaxonomicCoverage>This checklist covers all vascular plants (Equisetopsida, Tracheophyta) reported in the area described in the section &apos;Geographic Coverage&apos;. The core taxa considered are species, subspecies or varieties, and their hybrids. For these taxa, we provide synonyms, the accepted and alternative French and English vernacular names, and the habit (tree, shrub, herb and/or vine) of the plant in Canada. For reported hybrids (nothotaxa or hybrid formulas) we also indicate the hybrid parents, except if the parents of the hybrid do not occur in Canada. This core information is not provided for higher taxa, although the calculated distribution based on lower taxa can be consulted and downloaded from the VASCAN website (http://data.canadensys.net/vascan).

All taxa are linked to a classification: Chase &amp; Reveal (2009) for the higher classification, Christenhusz et al. (2011a) for lycophytes, Smith et al. (2006) for monilophytes (modified in Rothfells et al. 2012), Christenhusz et al. (2011b) for the gymnosperms, and the Angiosperm Phylogeny Group (2009) for flowering plants. At the generic level and below, the Flora of North America Editorial Committee (1993+) is the main source of classification, unless taxonomic literature more recent than the volume published for a given taxon provides a taxonomy more reflective of current data. The source used is indicated for each taxon in the dataset.

The classification includes 16 ranks. They are, in hierarchical order: class, subclass, superorder, order, family, subfamily, tribe, subtribe, genus, subgenus, section, subsection, series, species, subspecies and variety. Varieties within subspecies are accepted, so quadrinomial names are present, but forms are not included.</generalTaxonomicCoverage>
              <taxonomicClassification>
                  <taxonRankName>kingdom</taxonRankName>
                <taxonRankValue>Plantae</taxonRankValue>
                  <commonName>plants</commonName>
              </taxonomicClassification>
              <taxonomicClassification>
                  <taxonRankName>class</taxonRankName>
                <taxonRankValue>Equisetopsida</taxonRankValue>
                  <commonName>vascular plants</commonName>
              </taxonomicClassification>
              <taxonomicClassification>
                  <taxonRankName>family</taxonRankName>
                <taxonRankValue>Acanthaceae</taxonRankValue>
              </taxonomicClassification>
              <taxonomicClassification>
                  <taxonRankName>family</taxonRankName>
                <taxonRankValue>Acoraceae</taxonRankValue>
              </taxonomicClassification>
              <taxonomicClassification>
                  <taxonRankName>family</taxonRankName>
                <taxonRankValue>Adoxaceae</taxonRankValue>
              </taxonomicClassification>
              <taxonomicClassification>
                  <taxonRankName>family</taxonRankName>
                <taxonRankValue>Alismataceae</taxonRankValue>
              </taxonomicClassification>
              <taxonomicClassification>
                  <taxonRankName>family</taxonRankName>
                <taxonRankValue>Amaranthaceae</taxonRankValue>
              </taxonomicClassification>
              <taxonomicClassification>
                  <taxonRankName>family</taxonRankName>
                <taxonRankValue>Amaryllidaceae</taxonRankValue>
              </taxonomicClassification>
              <taxonomicClassification>
                  <taxonRankName>family</taxonRankName>
                <taxonRankValue>Anacardiaceae</taxonRankValue>
              </taxonomicClassification>
              <taxonomicClassification>
                  <taxonRankName>family</taxonRankName>
                <taxonRankValue>Annonaceae</taxonRankValue>
              </taxonomicClassification>
              <taxonomicClassification>
                  <taxonRankName>family</taxonRankName>
                <taxonRankValue>Apiaceae</taxonRankValue>
              </taxonomicClassification>
              <taxonomicClassification>
                  <taxonRankName>family</taxonRankName>
                <taxonRankValue>Apocynaceae</taxonRankValue>
              </taxonomicClassification>
              <taxonomicClassification>
                  <taxonRankName>family</taxonRankName>
                <taxonRankValue>Aquifoliaceae</taxonRankValue>
              </taxonomicClassification>
              <taxonomicClassification>
                  <taxonRankName>family</taxonRankName>
                <taxonRankValue>Araceae</taxonRankValue>
              </taxonomicClassification>
              <taxonomicClassification>
                  <taxonRankName>family</taxonRankName>
                <taxonRankValue>Araliaceae</taxonRankValue>
              </taxonomicClassification>
              <taxonomicClassification>
                  <taxonRankName>family</taxonRankName>
                <taxonRankValue>Aristolochiaceae</taxonRankValue>
              </taxonomicClassification>
              <taxonomicClassification>
                  <taxonRankName>family</taxonRankName>
                <taxonRankValue>Asparagaceae</taxonRankValue>
              </taxonomicClassification>
              <taxonomicClassification>
                  <taxonRankName>family</taxonRankName>
                <taxonRankValue>Aspleniaceae</taxonRankValue>
              </taxonomicClassification>
              <taxonomicClassification>
                  <taxonRankName>family</taxonRankName>
                <taxonRankValue>Asteraceae</taxonRankValue>
              </taxonomicClassification>
              <taxonomicClassification>
                  <taxonRankName>family</taxonRankName>
                <taxonRankValue>Athyriaceae</taxonRankValue>
              </taxonomicClassification>
              <taxonomicClassification>
                  <taxonRankName>family</taxonRankName>
                <taxonRankValue>Balsaminaceae</taxonRankValue>
              </taxonomicClassification>
              <taxonomicClassification>
                  <taxonRankName>family</taxonRankName>
                <taxonRankValue>Berberidaceae</taxonRankValue>
              </taxonomicClassification>
              <taxonomicClassification>
                  <taxonRankName>family</taxonRankName>
                <taxonRankValue>Betulaceae</taxonRankValue>
              </taxonomicClassification>
              <taxonomicClassification>
                  <taxonRankName>family</taxonRankName>
                <taxonRankValue>Bignoniaceae</taxonRankValue>
              </taxonomicClassification>
              <taxonomicClassification>
                  <taxonRankName>family</taxonRankName>
                <taxonRankValue>Blechnaceae</taxonRankValue>
              </taxonomicClassification>
              <taxonomicClassification>
                  <taxonRankName>family</taxonRankName>
                <taxonRankValue>Boraginaceae</taxonRankValue>
              </taxonomicClassification>
              <taxonomicClassification>
                  <taxonRankName>family</taxonRankName>
                <taxonRankValue>Brassicaceae</taxonRankValue>
              </taxonomicClassification>
              <taxonomicClassification>
                  <taxonRankName>family</taxonRankName>
                <taxonRankValue>Butomaceae</taxonRankValue>
              </taxonomicClassification>
              <taxonomicClassification>
                  <taxonRankName>family</taxonRankName>
                <taxonRankValue>Buxaceae</taxonRankValue>
              </taxonomicClassification>
              <taxonomicClassification>
                  <taxonRankName>family</taxonRankName>
                <taxonRankValue>Cabombaceae</taxonRankValue>
              </taxonomicClassification>
              <taxonomicClassification>
                  <taxonRankName>family</taxonRankName>
                <taxonRankValue>Cactaceae</taxonRankValue>
              </taxonomicClassification>
              <taxonomicClassification>
                  <taxonRankName>family</taxonRankName>
                <taxonRankValue>Campanulaceae</taxonRankValue>
              </taxonomicClassification>
              <taxonomicClassification>
                  <taxonRankName>family</taxonRankName>
                <taxonRankValue>Cannabaceae</taxonRankValue>
              </taxonomicClassification>
              <taxonomicClassification>
                  <taxonRankName>family</taxonRankName>
                <taxonRankValue>Caprifoliaceae</taxonRankValue>
              </taxonomicClassification>
              <taxonomicClassification>
                  <taxonRankName>family</taxonRankName>
                <taxonRankValue>Caryophyllaceae</taxonRankValue>
              </taxonomicClassification>
              <taxonomicClassification>
                  <taxonRankName>family</taxonRankName>
                <taxonRankValue>Celastraceae</taxonRankValue>
              </taxonomicClassification>
              <taxonomicClassification>
                  <taxonRankName>family</taxonRankName>
                <taxonRankValue>Ceratophyllaceae</taxonRankValue>
              </taxonomicClassification>
              <taxonomicClassification>
                  <taxonRankName>family</taxonRankName>
                <taxonRankValue>Cistaceae</taxonRankValue>
              </taxonomicClassification>
              <taxonomicClassification>
                  <taxonRankName>family</taxonRankName>
                <taxonRankValue>Cleomaceae</taxonRankValue>
              </taxonomicClassification>
              <taxonomicClassification>
                  <taxonRankName>family</taxonRankName>
                <taxonRankValue>Clethraceae</taxonRankValue>
              </taxonomicClassification>
              <taxonomicClassification>
                  <taxonRankName>family</taxonRankName>
                <taxonRankValue>Colchicaceae</taxonRankValue>
              </taxonomicClassification>
              <taxonomicClassification>
                  <taxonRankName>family</taxonRankName>
                <taxonRankValue>Commelinaceae</taxonRankValue>
              </taxonomicClassification>
              <taxonomicClassification>
                  <taxonRankName>family</taxonRankName>
                <taxonRankValue>Convolvulaceae</taxonRankValue>
              </taxonomicClassification>
              <taxonomicClassification>
                  <taxonRankName>family</taxonRankName>
                <taxonRankValue>Cornaceae</taxonRankValue>
              </taxonomicClassification>
              <taxonomicClassification>
                  <taxonRankName>family</taxonRankName>
                <taxonRankValue>Crassulaceae</taxonRankValue>
              </taxonomicClassification>
              <taxonomicClassification>
                  <taxonRankName>family</taxonRankName>
                <taxonRankValue>Cucurbitaceae</taxonRankValue>
              </taxonomicClassification>
              <taxonomicClassification>
                  <taxonRankName>family</taxonRankName>
                <taxonRankValue>Cupressaceae</taxonRankValue>
              </taxonomicClassification>
              <taxonomicClassification>
                  <taxonRankName>family</taxonRankName>
                <taxonRankValue>Cyperaceae</taxonRankValue>
              </taxonomicClassification>
              <taxonomicClassification>
                  <taxonRankName>family</taxonRankName>
                <taxonRankValue>Cystopteridaceae</taxonRankValue>
              </taxonomicClassification>
              <taxonomicClassification>
                  <taxonRankName>family</taxonRankName>
                <taxonRankValue>Dennstaedtiaceae</taxonRankValue>
              </taxonomicClassification>
              <taxonomicClassification>
                  <taxonRankName>family</taxonRankName>
                <taxonRankValue>Diapensiaceae</taxonRankValue>
              </taxonomicClassification>
              <taxonomicClassification>
                  <taxonRankName>family</taxonRankName>
                <taxonRankValue>Dioscoreaceae</taxonRankValue>
              </taxonomicClassification>
              <taxonomicClassification>
                  <taxonRankName>family</taxonRankName>
                <taxonRankValue>Droseraceae</taxonRankValue>
              </taxonomicClassification>
              <taxonomicClassification>
                  <taxonRankName>family</taxonRankName>
                <taxonRankValue>Dryopteridaceae</taxonRankValue>
              </taxonomicClassification>
              <taxonomicClassification>
                  <taxonRankName>family</taxonRankName>
                <taxonRankValue>Elaeagnaceae</taxonRankValue>
              </taxonomicClassification>
              <taxonomicClassification>
                  <taxonRankName>family</taxonRankName>
                <taxonRankValue>Elatinaceae</taxonRankValue>
              </taxonomicClassification>
              <taxonomicClassification>
                  <taxonRankName>family</taxonRankName>
                <taxonRankValue>Equisetaceae</taxonRankValue>
              </taxonomicClassification>
              <taxonomicClassification>
                  <taxonRankName>family</taxonRankName>
                <taxonRankValue>Ericaceae</taxonRankValue>
              </taxonomicClassification>
              <taxonomicClassification>
                  <taxonRankName>family</taxonRankName>
                <taxonRankValue>Eriocaulaceae</taxonRankValue>
              </taxonomicClassification>
              <taxonomicClassification>
                  <taxonRankName>family</taxonRankName>
                <taxonRankValue>Euphorbiaceae</taxonRankValue>
              </taxonomicClassification>
              <taxonomicClassification>
                  <taxonRankName>family</taxonRankName>
                <taxonRankValue>Fabaceae</taxonRankValue>
              </taxonomicClassification>
              <taxonomicClassification>
                  <taxonRankName>family</taxonRankName>
                <taxonRankValue>Fagaceae</taxonRankValue>
              </taxonomicClassification>
              <taxonomicClassification>
                  <taxonRankName>family</taxonRankName>
                <taxonRankValue>Frankeniaceae</taxonRankValue>
              </taxonomicClassification>
              <taxonomicClassification>
                  <taxonRankName>family</taxonRankName>
                <taxonRankValue>Gentianaceae</taxonRankValue>
              </taxonomicClassification>
              <taxonomicClassification>
                  <taxonRankName>family</taxonRankName>
                <taxonRankValue>Geraniaceae</taxonRankValue>
              </taxonomicClassification>
              <taxonomicClassification>
                  <taxonRankName>family</taxonRankName>
                <taxonRankValue>Grossulariaceae</taxonRankValue>
              </taxonomicClassification>
              <taxonomicClassification>
                  <taxonRankName>family</taxonRankName>
                <taxonRankValue>Haemodoraceae</taxonRankValue>
              </taxonomicClassification>
              <taxonomicClassification>
                  <taxonRankName>family</taxonRankName>
                <taxonRankValue>Haloragaceae</taxonRankValue>
              </taxonomicClassification>
              <taxonomicClassification>
                  <taxonRankName>family</taxonRankName>
                <taxonRankValue>Hamamelidaceae</taxonRankValue>
              </taxonomicClassification>
              <taxonomicClassification>
                  <taxonRankName>family</taxonRankName>
                <taxonRankValue>Hydrangeaceae</taxonRankValue>
              </taxonomicClassification>
              <taxonomicClassification>
                  <taxonRankName>family</taxonRankName>
                <taxonRankValue>Hydrocharitaceae</taxonRankValue>
              </taxonomicClassification>
              <taxonomicClassification>
                  <taxonRankName>family</taxonRankName>
                <taxonRankValue>Hymenophyllaceae</taxonRankValue>
              </taxonomicClassification>
              <taxonomicClassification>
                  <taxonRankName>family</taxonRankName>
                <taxonRankValue>Hypericaceae</taxonRankValue>
              </taxonomicClassification>
              <taxonomicClassification>
                  <taxonRankName>family</taxonRankName>
                <taxonRankValue>Hypoxidaceae</taxonRankValue>
              </taxonomicClassification>
              <taxonomicClassification>
                  <taxonRankName>family</taxonRankName>
                <taxonRankValue>Iridaceae</taxonRankValue>
              </taxonomicClassification>
              <taxonomicClassification>
                  <taxonRankName>family</taxonRankName>
                <taxonRankValue>Isoetaceae</taxonRankValue>
              </taxonomicClassification>
              <taxonomicClassification>
                  <taxonRankName>family</taxonRankName>
                <taxonRankValue>Juglandaceae</taxonRankValue>
              </taxonomicClassification>
              <taxonomicClassification>
                  <taxonRankName>family</taxonRankName>
                <taxonRankValue>Juncaceae</taxonRankValue>
              </taxonomicClassification>
              <taxonomicClassification>
                  <taxonRankName>family</taxonRankName>
                <taxonRankValue>Juncaginaceae</taxonRankValue>
              </taxonomicClassification>
              <taxonomicClassification>
                  <taxonRankName>family</taxonRankName>
                <taxonRankValue>Lamiaceae</taxonRankValue>
              </taxonomicClassification>
              <taxonomicClassification>
                  <taxonRankName>family</taxonRankName>
                <taxonRankValue>Lauraceae</taxonRankValue>
              </taxonomicClassification>
              <taxonomicClassification>
                  <taxonRankName>family</taxonRankName>
                <taxonRankValue>Lentibulariaceae</taxonRankValue>
              </taxonomicClassification>
              <taxonomicClassification>
                  <taxonRankName>family</taxonRankName>
                <taxonRankValue>Liliaceae</taxonRankValue>
              </taxonomicClassification>
              <taxonomicClassification>
                  <taxonRankName>family</taxonRankName>
                <taxonRankValue>Limnanthaceae</taxonRankValue>
              </taxonomicClassification>
              <taxonomicClassification>
                  <taxonRankName>family</taxonRankName>
                <taxonRankValue>Linaceae</taxonRankValue>
              </taxonomicClassification>
              <taxonomicClassification>
                  <taxonRankName>family</taxonRankName>
                <taxonRankValue>Linderniaceae</taxonRankValue>
              </taxonomicClassification>
              <taxonomicClassification>
                  <taxonRankName>family</taxonRankName>
                <taxonRankValue>Loasaceae</taxonRankValue>
              </taxonomicClassification>
              <taxonomicClassification>
                  <taxonRankName>family</taxonRankName>
                <taxonRankValue>Loranthaceae</taxonRankValue>
              </taxonomicClassification>
              <taxonomicClassification>
                  <taxonRankName>family</taxonRankName>
                <taxonRankValue>Lycopodiaceae</taxonRankValue>
              </taxonomicClassification>
              <taxonomicClassification>
                  <taxonRankName>family</taxonRankName>
                <taxonRankValue>Lythraceae</taxonRankValue>
              </taxonomicClassification>
              <taxonomicClassification>
                  <taxonRankName>family</taxonRankName>
                <taxonRankValue>Magnoliaceae</taxonRankValue>
              </taxonomicClassification>
              <taxonomicClassification>
                  <taxonRankName>family</taxonRankName>
                <taxonRankValue>Malvaceae</taxonRankValue>
              </taxonomicClassification>
              <taxonomicClassification>
                  <taxonRankName>family</taxonRankName>
                <taxonRankValue>Marsileaceae</taxonRankValue>
              </taxonomicClassification>
              <taxonomicClassification>
                  <taxonRankName>family</taxonRankName>
                <taxonRankValue>Martyniaceae</taxonRankValue>
              </taxonomicClassification>
              <taxonomicClassification>
                  <taxonRankName>family</taxonRankName>
                <taxonRankValue>Melanthiaceae</taxonRankValue>
              </taxonomicClassification>
              <taxonomicClassification>
                  <taxonRankName>family</taxonRankName>
                <taxonRankValue>Melastomataceae</taxonRankValue>
              </taxonomicClassification>
              <taxonomicClassification>
                  <taxonRankName>family</taxonRankName>
                <taxonRankValue>Menispermaceae</taxonRankValue>
              </taxonomicClassification>
              <taxonomicClassification>
                  <taxonRankName>family</taxonRankName>
                <taxonRankValue>Menyanthaceae</taxonRankValue>
              </taxonomicClassification>
              <taxonomicClassification>
                  <taxonRankName>family</taxonRankName>
                <taxonRankValue>Molluginaceae</taxonRankValue>
              </taxonomicClassification>
              <taxonomicClassification>
                  <taxonRankName>family</taxonRankName>
                <taxonRankValue>Montiaceae</taxonRankValue>
              </taxonomicClassification>
              <taxonomicClassification>
                  <taxonRankName>family</taxonRankName>
                <taxonRankValue>Moraceae</taxonRankValue>
              </taxonomicClassification>
              <taxonomicClassification>
                  <taxonRankName>family</taxonRankName>
                <taxonRankValue>Myricaceae</taxonRankValue>
              </taxonomicClassification>
              <taxonomicClassification>
                  <taxonRankName>family</taxonRankName>
                <taxonRankValue>Nartheciaceae</taxonRankValue>
              </taxonomicClassification>
              <taxonomicClassification>
                  <taxonRankName>family</taxonRankName>
                <taxonRankValue>Nelumbonaceae</taxonRankValue>
              </taxonomicClassification>
              <taxonomicClassification>
                  <taxonRankName>family</taxonRankName>
                <taxonRankValue>Nyctaginaceae</taxonRankValue>
              </taxonomicClassification>
              <taxonomicClassification>
                  <taxonRankName>family</taxonRankName>
                <taxonRankValue>Nymphaeaceae</taxonRankValue>
              </taxonomicClassification>
              <taxonomicClassification>
                  <taxonRankName>family</taxonRankName>
                <taxonRankValue>Oleaceae</taxonRankValue>
              </taxonomicClassification>
              <taxonomicClassification>
                  <taxonRankName>family</taxonRankName>
                <taxonRankValue>Onagraceae</taxonRankValue>
              </taxonomicClassification>
              <taxonomicClassification>
                  <taxonRankName>family</taxonRankName>
                <taxonRankValue>Onocleaceae</taxonRankValue>
              </taxonomicClassification>
              <taxonomicClassification>
                  <taxonRankName>family</taxonRankName>
                <taxonRankValue>Ophioglossaceae</taxonRankValue>
              </taxonomicClassification>
              <taxonomicClassification>
                  <taxonRankName>family</taxonRankName>
                <taxonRankValue>Orchidaceae</taxonRankValue>
              </taxonomicClassification>
              <taxonomicClassification>
                  <taxonRankName>family</taxonRankName>
                <taxonRankValue>Orobanchaceae</taxonRankValue>
              </taxonomicClassification>
              <taxonomicClassification>
                  <taxonRankName>family</taxonRankName>
                <taxonRankValue>Osmundaceae</taxonRankValue>
              </taxonomicClassification>
              <taxonomicClassification>
                  <taxonRankName>family</taxonRankName>
                <taxonRankValue>Oxalidaceae</taxonRankValue>
              </taxonomicClassification>
              <taxonomicClassification>
                  <taxonRankName>family</taxonRankName>
                <taxonRankValue>Paeoniaceae</taxonRankValue>
              </taxonomicClassification>
              <taxonomicClassification>
                  <taxonRankName>family</taxonRankName>
                <taxonRankValue>Papaveraceae</taxonRankValue>
              </taxonomicClassification>
              <taxonomicClassification>
                  <taxonRankName>family</taxonRankName>
                <taxonRankValue>Penthoraceae</taxonRankValue>
              </taxonomicClassification>
              <taxonomicClassification>
                  <taxonRankName>family</taxonRankName>
                <taxonRankValue>Phrymaceae</taxonRankValue>
              </taxonomicClassification>
              <taxonomicClassification>
                  <taxonRankName>family</taxonRankName>
                <taxonRankValue>Phytolaccaceae</taxonRankValue>
              </taxonomicClassification>
              <taxonomicClassification>
                  <taxonRankName>family</taxonRankName>
                <taxonRankValue>Pinaceae</taxonRankValue>
              </taxonomicClassification>
              <taxonomicClassification>
                  <taxonRankName>family</taxonRankName>
                <taxonRankValue>Plantaginaceae</taxonRankValue>
              </taxonomicClassification>
              <taxonomicClassification>
                  <taxonRankName>family</taxonRankName>
                <taxonRankValue>Platanaceae</taxonRankValue>
              </taxonomicClassification>
              <taxonomicClassification>
                  <taxonRankName>family</taxonRankName>
                <taxonRankValue>Plumbaginaceae</taxonRankValue>
              </taxonomicClassification>
              <taxonomicClassification>
                  <taxonRankName>family</taxonRankName>
                <taxonRankValue>Poaceae</taxonRankValue>
              </taxonomicClassification>
              <taxonomicClassification>
                  <taxonRankName>family</taxonRankName>
                <taxonRankValue>Podostemaceae</taxonRankValue>
              </taxonomicClassification>
              <taxonomicClassification>
                  <taxonRankName>family</taxonRankName>
                <taxonRankValue>Polemoniaceae</taxonRankValue>
              </taxonomicClassification>
              <taxonomicClassification>
                  <taxonRankName>family</taxonRankName>
                <taxonRankValue>Polygalaceae</taxonRankValue>
              </taxonomicClassification>
              <taxonomicClassification>
                  <taxonRankName>family</taxonRankName>
                <taxonRankValue>Polygonaceae</taxonRankValue>
              </taxonomicClassification>
              <taxonomicClassification>
                  <taxonRankName>family</taxonRankName>
                <taxonRankValue>Polypodiaceae</taxonRankValue>
              </taxonomicClassification>
              <taxonomicClassification>
                  <taxonRankName>family</taxonRankName>
                <taxonRankValue>Pontederiaceae</taxonRankValue>
              </taxonomicClassification>
              <taxonomicClassification>
                  <taxonRankName>family</taxonRankName>
                <taxonRankValue>Portulacaceae</taxonRankValue>
              </taxonomicClassification>
              <taxonomicClassification>
                  <taxonRankName>family</taxonRankName>
                <taxonRankValue>Potamogetonaceae</taxonRankValue>
              </taxonomicClassification>
              <taxonomicClassification>
                  <taxonRankName>family</taxonRankName>
                <taxonRankValue>Primulaceae</taxonRankValue>
              </taxonomicClassification>
              <taxonomicClassification>
                  <taxonRankName>family</taxonRankName>
                <taxonRankValue>Pteridaceae</taxonRankValue>
              </taxonomicClassification>
              <taxonomicClassification>
                  <taxonRankName>family</taxonRankName>
                <taxonRankValue>Ranunculaceae</taxonRankValue>
              </taxonomicClassification>
              <taxonomicClassification>
                  <taxonRankName>family</taxonRankName>
                <taxonRankValue>Resedaceae</taxonRankValue>
              </taxonomicClassification>
              <taxonomicClassification>
                  <taxonRankName>family</taxonRankName>
                <taxonRankValue>Rhamnaceae</taxonRankValue>
              </taxonomicClassification>
              <taxonomicClassification>
                  <taxonRankName>family</taxonRankName>
                <taxonRankValue>Rosaceae</taxonRankValue>
              </taxonomicClassification>
              <taxonomicClassification>
                  <taxonRankName>family</taxonRankName>
                <taxonRankValue>Rubiaceae</taxonRankValue>
              </taxonomicClassification>
              <taxonomicClassification>
                  <taxonRankName>family</taxonRankName>
                <taxonRankValue>Ruppiaceae</taxonRankValue>
              </taxonomicClassification>
              <taxonomicClassification>
                  <taxonRankName>family</taxonRankName>
                <taxonRankValue>Rutaceae</taxonRankValue>
              </taxonomicClassification>
              <taxonomicClassification>
                  <taxonRankName>family</taxonRankName>
                <taxonRankValue>Salicaceae</taxonRankValue>
              </taxonomicClassification>
              <taxonomicClassification>
                  <taxonRankName>family</taxonRankName>
                <taxonRankValue>Salviniaceae</taxonRankValue>
              </taxonomicClassification>
              <taxonomicClassification>
                  <taxonRankName>family</taxonRankName>
                <taxonRankValue>Santalaceae</taxonRankValue>
              </taxonomicClassification>
              <taxonomicClassification>
                  <taxonRankName>family</taxonRankName>
                <taxonRankValue>Sapindaceae</taxonRankValue>
              </taxonomicClassification>
              <taxonomicClassification>
                  <taxonRankName>family</taxonRankName>
                <taxonRankValue>Sarraceniaceae</taxonRankValue>
              </taxonomicClassification>
              <taxonomicClassification>
                  <taxonRankName>family</taxonRankName>
                <taxonRankValue>Saururaceae</taxonRankValue>
              </taxonomicClassification>
              <taxonomicClassification>
                  <taxonRankName>family</taxonRankName>
                <taxonRankValue>Saxifragaceae</taxonRankValue>
              </taxonomicClassification>
              <taxonomicClassification>
                  <taxonRankName>family</taxonRankName>
                <taxonRankValue>Scheuchzeriaceae</taxonRankValue>
              </taxonomicClassification>
              <taxonomicClassification>
                  <taxonRankName>family</taxonRankName>
                <taxonRankValue>Schizaeaceae</taxonRankValue>
              </taxonomicClassification>
              <taxonomicClassification>
                  <taxonRankName>family</taxonRankName>
                <taxonRankValue>Scrophulariaceae</taxonRankValue>
              </taxonomicClassification>
              <taxonomicClassification>
                  <taxonRankName>family</taxonRankName>
                <taxonRankValue>Selaginellaceae</taxonRankValue>
              </taxonomicClassification>
              <taxonomicClassification>
                  <taxonRankName>family</taxonRankName>
                <taxonRankValue>Simaroubaceae</taxonRankValue>
              </taxonomicClassification>
              <taxonomicClassification>
                  <taxonRankName>family</taxonRankName>
                <taxonRankValue>Smilacaceae</taxonRankValue>
              </taxonomicClassification>
              <taxonomicClassification>
                  <taxonRankName>family</taxonRankName>
                <taxonRankValue>Solanaceae</taxonRankValue>
              </taxonomicClassification>
              <taxonomicClassification>
                  <taxonRankName>family</taxonRankName>
                <taxonRankValue>Staphyleaceae</taxonRankValue>
              </taxonomicClassification>
              <taxonomicClassification>
                  <taxonRankName>family</taxonRankName>
                <taxonRankValue>Tamaricaceae</taxonRankValue>
              </taxonomicClassification>
              <taxonomicClassification>
                  <taxonRankName>family</taxonRankName>
                <taxonRankValue>Taxaceae</taxonRankValue>
              </taxonomicClassification>
              <taxonomicClassification>
                  <taxonRankName>family</taxonRankName>
                <taxonRankValue>Thelypteridaceae</taxonRankValue>
              </taxonomicClassification>
              <taxonomicClassification>
                  <taxonRankName>family</taxonRankName>
                <taxonRankValue>Thymelaeaceae</taxonRankValue>
              </taxonomicClassification>
              <taxonomicClassification>
                  <taxonRankName>family</taxonRankName>
                <taxonRankValue>Tofieldiaceae</taxonRankValue>
              </taxonomicClassification>
              <taxonomicClassification>
                  <taxonRankName>family</taxonRankName>
                <taxonRankValue>Typhaceae</taxonRankValue>
              </taxonomicClassification>
              <taxonomicClassification>
                  <taxonRankName>family</taxonRankName>
                <taxonRankValue>Ulmaceae</taxonRankValue>
              </taxonomicClassification>
              <taxonomicClassification>
                  <taxonRankName>family</taxonRankName>
                <taxonRankValue>Urticaceae</taxonRankValue>
              </taxonomicClassification>
              <taxonomicClassification>
                  <taxonRankName>family</taxonRankName>
                <taxonRankValue>Verbenaceae</taxonRankValue>
              </taxonomicClassification>
              <taxonomicClassification>
                  <taxonRankName>family</taxonRankName>
                <taxonRankValue>Violaceae</taxonRankValue>
              </taxonomicClassification>
              <taxonomicClassification>
                  <taxonRankName>family</taxonRankName>
                <taxonRankValue>Vitaceae</taxonRankValue>
              </taxonomicClassification>
              <taxonomicClassification>
                  <taxonRankName>family</taxonRankName>
                <taxonRankValue>Woodsiaceae</taxonRankValue>
              </taxonomicClassification>
              <taxonomicClassification>
                  <taxonRankName>family</taxonRankName>
                <taxonRankValue>Xanthorrhoeaceae</taxonRankValue>
              </taxonomicClassification>
              <taxonomicClassification>
                  <taxonRankName>family</taxonRankName>
                <taxonRankValue>Xyridaceae</taxonRankValue>
              </taxonomicClassification>
              <taxonomicClassification>
                  <taxonRankName>family</taxonRankName>
                <taxonRankValue>Zosteraceae</taxonRankValue>
              </taxonomicClassification>
              <taxonomicClassification>
                  <taxonRankName>family</taxonRankName>
                <taxonRankValue>Zygophyllaceae</taxonRankValue>
              </taxonomicClassification>
              <taxonomicClassification>
                  <taxonRankName>family</taxonRankName>
                <taxonRankValue>Actinidiaceae</taxonRankValue>
              </taxonomicClassification>
              <taxonomicClassification>
                  <taxonRankName>family</taxonRankName>
                <taxonRankValue>Diplaziopsidaceae</taxonRankValue>
              </taxonomicClassification>
              <taxonomicClassification>
                  <taxonRankName>family</taxonRankName>
                <taxonRankValue>Phyllanthaceae</taxonRankValue>
              </taxonomicClassification>
          </taxonomicCoverage>
  </coverage>
  <maintenance>
    <description>
      <para></para>
    </description>
    <maintenanceUpdateFrequency>asNeeded</maintenanceUpdateFrequency>
  </maintenance>

      <contact>
    <individualName>
        <givenName>Luc</givenName>
      <surName>Brouillet</surName>
    </individualName>
    <organizationName>Université de Montréal Biodiversity Centre</organizationName>
    <positionName>Professor</positionName>
    <address>
        <deliveryPoint>4101 rue Sherbrooke est</deliveryPoint>
        <city>Montreal</city>
        <administrativeArea>Quebec</administrativeArea>
        <postalCode>H1X2B2</postalCode>
        <country>CA</country>
    </address>
    <electronicMailAddress>luc.brouillet@umontreal.ca</electronicMailAddress>
    <onlineUrl>http://www.irbv.umontreal.ca/luc-brouillet</onlineUrl>
      </contact>
  <methods>
        <methodStep>
          <description>
            <para>The data are stored in a relational database (MySQL), which powers the search, checklist builder, taxon and name pages of the VASCAN website. Editors update a development copy of the database through a secure web application. This allows them to make revisions without affecting the users of the website. Once they agree that the data are consistent, in which they are aided by the application, they can push that version of the database to production.

At that moment, the application will also automatically generate a Darwin Core Archive of the data, using the GBIF GNA Profile (GBIF 2010) and following best practices for publishing checklists (GBIF 2011). This archive includes all data, except for calculated distributions, hybrid parents, and user credentials. The archive is then manually uploaded to the Canadensys Repository (http://data.canadensys.net/ipt), a GBIF Integrated Publishing Toolkit, and republished, at which time it will be assigned a new version number. The dataset is registered with the Global Biodiversity Information Facility (GBIF), which allows that organization to harvest, display and distribute the data at any time.</para>
          </description>
        </methodStep>
      <sampling>
        <studyExtent>
          <description>
            <para>See the section &apos;Geographic coverage&apos; and &apos;Project details - Study area description&apos;.</para>
          </description>
        </studyExtent>
        <samplingDescription>
          <para>The data are sampled manually from literature by the editors,though recent additions are based on specimens maintained at institutional herbaria across Canada (see Thiers).

All floras covering Canada, Greenland, and Saint Pierre and Miquelon were considered for literature-based data entry, but only the most recent provincial and territorial floras (see the section &apos;Citations - Bibliography&apos;) were systematically searched to establish the distribution status of each taxon in each region (see the section &apos;Geographic coverage&apos;). Scoggan’s Flora of Canada (1978-1979) was systematically searched, as were Kartesz (1999) and the Flora of North America (FNA Ed. Comm. 1993+). English and French vernacular names are based on usage in Canada and, for introduced taxa, on vernaculars from the countries of origin (when the taxon is from Europe). Alternate (synonym) vernaculars are provided when several names are in usage (notably regional names), but an accepted vernacular is recommended for general usage throughout the country. The method of selection of vernacular names follows Darbyshire et al. (2000). The source of the information is referenced for all scientific names, vernacular names and distributions in the dataset.</para>
        </samplingDescription>
      </sampling>
      <qualityControl>
        <description>
          <para>New findings or corrections for plant distributions are communicated to the editors by contributors from each region (http://data.canadensys.net/vascan/about/#people). Contributors are local botanists, often associated with Canadian herbaria or Conservation Data Centers. All new reports must be documented by specimens deposited at institutional herbaria.

Suggestions or corrections regarding names, taxonomy, or functionality of the VASCAN website are submitted by users and reviewers through a public GitHub issue tracker at https://github.com/Canadensys/vascan-data/issues. Name suggestions are validated by the editors against names in Tropicos (http://www.tropicos.org), IPNI (http://www.ipni.org), GRIN (http://www.ars-grin.gov), or other plant name databases, before being manually corrected in the database.</para>
        </description>
      </qualityControl>
  </methods>
  <project >
    <title>Database of Vascular Plants of Canada (VASCAN)</title>
      <personnel>
        <individualName>
            <givenName>Luc</givenName>
          <surName>Brouillet</surName>
        </individualName>
        <role>editor</role>
      </personnel>
      <funding>
        <para>Partial funding came from Parks Canada, the Canadian Biodiversity Information Facility (CBIF), NatureServe Canada, the Canadian Foundation for Innovation (CFI), and the Gouvernement du Québec (grant to the Université de Montréal Biodiversity Centre and Canadensys). Most of the compilation work, however, was contributed in kind by the home institution of each collaborator.</para>
      </funding>
      <studyAreaDescription>
        <descriptor name="generic"
                    citableClassificationSystem="false">
          <descriptorValue>The study area occupies the northern half of North America (excluding Alaska). The area of Canada is 9,984,670 km2, of Greenland (or Kulaalit Nunaat, an autonomous country within the kingdom of Denmark) 2,166,086 km2, and Saint Pierre and Miquelon (collectivité territoriale, France) 242 km2. The latter is 20 km off the coast of Newfoundland&apos;s Burin Peninsula and its characteristics are those of boreal eastern Canada. From west to east, the main physiographic regions are the Western Cordillera, the sedimentary Interior Plains, the Canadian and Greenland Shields (mostly igneous rocks), the sedimentary Great Lakes and St. Lawrences Lowlands, and the Appalachian Mountains. The sedimentary Hudson Bay Lowlands basin lies at the centre of the shield, a northern area of sedimentary plains and mountains. The Canadian Arctic borders the Arctic Ocean in northern Canada and northern Greenland. An ice cap covers 81% of Greenland.

The dominant vegetation type of the area is the boreal forest, which occupies much of Canada from Yukon and northeastern British Columbia to Newfoundland. To the north, Arctic tundra prevails: it can be divided into low Arctic (with a nearly continuous plant cover, sometimes shrubby) and high Arctic (including polar deserts); these types are the only ones found in Greenland. To the south of the boreal forest, from west to east, are the humid Pacific Coastal forest, the Cordilleran forest, the Prairie grasslands, the eastern temperate forests (southern Ontario and Quebec), and the Atlantic or Acadian forests.

The population of Canada is concentrated in a narrow belt along its border with the United States, where most of the impacts on ecosystems (urbanization, agriculture) is concentrated. Logging, mining, and hydroelectric development occur in the boreal forest, and mining is now rapidly developing in the Arctic. About 9.9% (Environment Canada, 2011) of the terrestrial area of Canada is protected (7.5% according to the World Bank, 2013) and 40% of Greenland. Based on the data in VASCAN, the area harbors a total of 5,124 vascular plant species, 3,829 native and 1,295 introduced (25% of the flora). Of the native species of Canada, 156 are considered legally at risk, with a further 34 of conservation concern (COSEWIC, 2009+).</descriptorValue>
        </descriptor>
      </studyAreaDescription>
      <designDescription>
        <description>
          <para>The goal of the Database of Vascular Plants of Canada (VASCAN) is to provide an up-to-date, documented checklist of the names of vascular plants in Canada, Greenland, and Saint Pierre and Miquelon, both scientific and vernacular, and the distribution of the plants at the provincial/territorial level.

VASCAN was developed from the need to validate vascular plant name and distribution data from eastern Canada (Ontario and eastward), Greenland, and Saint Pierre and Miquelon for the Flora of North America project (FNA) and from the need to provide French vernacular names for taxa present in Quebec in the FNA. It expanded when Parks Canada wanted to harmonize the names from vascular plant species lists of its parks across the country. At the time we also realized that - aside from The Flora of Canada by Scoggan (1978-1979) that was in need of updating - not only was there no standardized scientific name list for the country - despite worthwhile efforts from Kartesz (1999) and USDA NRCS (2011) - but also no standardized source of Canadian English and French vernacular names. Names used for plants in English Canada are not necessarily those used in the United States, and thus U.S. sources were not always appropriate for this goal. Finally, several national organizations, such as Parks Canada, Forest Canada, the Committee on the Status of Endangered Wildlife in Canada (COSEWIC), and NatureServe Canada, expressed the need for a web-based list of Canadian taxa, with data on provincial/territorial distribution.</para>
        </description>
      </designDescription>
  </project>
</dataset>
  <additionalMetadata>
    <metadata>
      <gbif>
          <dateStamp>2010-11-10T05:00:00.000+00:00</dateStamp>
          <hierarchyLevel>dataset</hierarchyLevel>
            <citation identifier="http://doi.org/10.5886/zw3aqw">Brouillet L, Desmet P, Coursol F, Meades SJ, Favreau M, Anions M, Bélisle P, Gendreau C, Shorthouse D, and contributors (2010+). Database of Vascular Plants of Canada (VASCAN). Online at http://data.canadensys.net/vascan and http://www.gbif.org/dataset/3f8a1297-3259-4700-91fc-acc4170b27ce, released on 2010-12-10. Version [xx]. GBIF key: 3f8a1297-3259-4700-91fc-acc4170b27ce. Data paper ID: doi: http://doi.org/10.3897/phytokeys.25.3100 [accessed on [date]]</citation>
          <bibliography>
                <citation identifier="http://doi.org/10.1111/j.1095-8339.2009.00996.x">Angiosperm Phylogeny Group (2009) An update of the Angiosperm Phylogeny Group classification for the orders and families of flowering plants: APG III. Botanical Journal of the Linnaen Society 161: 105–121. doi: 10.1111/j.1095-8339.2009.00996.x</citation>
                <citation identifier="http://doi.org/10.1111/j.1095-8339.2009.01002.x">Chase MW, Reveal JL (2009) A phylogenetic classification of land plants to accompany APG III. Botanical Journal of the Linnaen Society 161 (2): 122–127. doi: 10.1111/j.1095-8339.2009.01002.x</citation>
                <citation identifier="http://www.mapress.com/phytotaxa/content/2011/f/pt00019p070.pdf">Christenhusz MJM, Reveal JL, Farjon A, Gardner MF, Mill RR, Chase MW (2011a) A new classification and linear sequence of extant gymnosperms. Phytotaxa 19: 55–70.</citation>
                <citation identifier="http://www.mapress.com/phytotaxa/content/2011/f/pt00019p054.pdf">Christenhusz MJM, Zhang X-C, Schneider H (2011b) A linear sequence of extant families and genera of lycophytes and ferns. Phytotaxa 19: 7–54.</citation>
                <citation identifier="http://www.cosewic.gc.ca/eng/sct6/index_e.cfm">COSEWIC (2009+) Committee on the Status of Endangered Wildlife in Canada. http://www.cosewic.gc.ca/eng/sct6/index_e.cfm [accessed June 17, 2013].</citation>
                <citation>Darbyshire SJ, Favreau M, Murray M (2000) Common and scientific names of weeds in Canada. Research Branch, Agriculture and Agri-Food Canada, Ottawa, Ont. Publ. 1397/B. 132 pp.</citation>
                <citation identifier="http://www.ec.gc.ca/indicateurs-indicators/default.asp?lang=en&amp;n=478A1D3D-1">Environment Canada (2011) Canada’s Protected Areas. http://www.ec.gc.ca/indicateurs-indicators/default.asp?lang=en&amp;n=478A1D3D-1 [accessed June 17, 2013].</citation>
                <citation identifier="http://www.fna.org">Flora of North America Editorial Committee (1993+) Flora of North America north of Mexico. 30 volumes. Oxford University Press, New York. http://www.fna.org</citation>
                <citation identifier="http://links.gbif.org/gbif_gna_profile_reference_guide">GBIF (2010) GBIF GNA Profile Reference Guide for Darwin Core Archives, version 1.2, released on 1 April 2011, (contributed by Remsen DP, Döring M, Robertson T), Copenhagen: Global Biodiversity Information Facility, 28 pp. http://links.gbif.org/gbif_gna_profile_reference_guide</citation>
                <citation identifier="http://links.gbif.org/checklist_how_to">GBIF (2011) Publishing Species Checklists, (contributed by Remsen D, Döring M, Robertson, T, Ko B), Copenhagen: Global Biodiversity Information Facility, 53 pp. http://links.gbif.org/checklist_how_to</citation>
                <citation identifier="http://www.ipni.org">International Plant Names Index (IPNI) (2012) Published on the Internet. http://www.ipni.org [accessed 15 March 2013]</citation>
                <citation>Kartesz JT (1999) A synonymized checklist and atlas with biological attributes for the vascular flora of the United States, Canada, and Greenland. In: Kartesz JT, Meacham CA. Synthe- sis of the North American Flora, Version 1.0. North Carolina Botanical Garden. Chapel Hill. (CD-ROM).</citation>
                <citation>Rothfells CJ, Sundue MA, Kuo L-Y, Larsson A, Kato M, Schuettpelz E, Pryer KM (2012) A revised family-level classification for eupolypod II ferns (Polypodiidae: Polypodiales). Taxon 61: 515–533.</citation>
                <citation>Scoggan HJ (1978–1979) The Flora of Canada. National Museum of Natural Sciences, Publications in Botany 7, 4 volumes.</citation>
                <citation identifier="http://doi.org/10.2307/25065646">Smith AR, Pryer KM, Schuettpelz E, Korall P, Schneider H, Wolf PG (2006) A classification for extant ferns. Taxon 55: 705–731. doi: 10.2307/25065646</citation>
                <citation identifier="http://sweetgum.nybg.org/ih/">Thiers B [continuously updated]. Index Herbariorum: A global directory of public herbaria and associated staff. New York Botanical Garden’s Virtual Herbarium. http://sweetgum.nybg.org/ih/ [accessed 15 March 2013]</citation>
                <citation identifier="http://www.tropicos.org">Tropicos.org. Missouri Botanical Garden. http://www.tropicos.org [accessed 15 March 2013]</citation>
                <citation identifier="http://www.ars-grin.gov">USDA, ARS (U.S. Department of Agriculture, Agricultural Research Service), National Genetic Resources Program (2013) Germplasm Resources Information Network - (GRIN) [Online Database]. National Germplasm Resources Laboratory, Beltsville, Maryland. http://www.ars-grin.gov [accessed 22 April 2013]</citation>
                <citation identifier="http://plants.usda.gov">USDA, NRCS (U.S. Department of Agriculture, Natural Resources Conservation Services) (2011) The PLANTS Database (http://plants.usda.gov). National Plant Data Team, Greensboro, NC 27401-4901 USA.</citation>
                <citation identifier="http://data.worldbank.org/indicator/ER.LND.PTLD.ZS">World Bank. 2013. World Development Indicator Data: Terrestrial protected areas (% of total land area). http://data.worldbank.org/indicator/ER.LND.PTLD.ZS [accessed June 17, 2013]</citation>
                <citation identifier="http://nature.ca/aaflora/data/index.htm">Aiken SG, Dallwitz MJ, Consaul LL, McJannet CL, Boles RL, Argus GW, Gillett JM, Scott PJ, Elven R, LeBlanc MC, Gillespie LJ, Brysting AK, Solstad H, Harris JG (2007) Flora of the Canadian Arctic Archipelago: Descriptions, Illustrations, Identification, and Information Retrieval. CD-ROM. NRC Research Press and Canadian Museum of Nature, Ottawa, Ont. http://nature.ca/aaflora/data/index.htm</citation>
                <citation>Böcher TW, Fredskild B, Holmen K, Jakobsen K (1978) Grønlands Flora. Haase P, Forlag S, Copenhagen.</citation>
                <citation>Cody WJ (2000) Flora of Yukon. 2nd edition. NRC Press, Ottawa.</citation>
                <citation>Douglas, GW, Meidinger D, Pojar J, editors (1998–2003) Illustrated Flora of British Columbia. 8 volumes. British Columbia Ministry of Sustainable Resource Management &amp; Min. Forests, Victoria, B.C.</citation>
                <citation>Erskine DS (1960) 1985 The Plants of Prince Edward Island (revised by P. M. Catling, 1985). Can. Dept. Agr. Publ. 1798.</citation>
                <citation>Etcheberry R (1989) Plantes de Saint-Pierre et Miquelon. Unpublished manuscript.</citation>
                <citation>Etcheberry R, Abraham D, Muller S (2010) Nouvelles espèces de plantes vasculaires pour les îles Saint-Pierre-et-Miquelon et commentaires sur la flore de l’archipel. Bulletin de la Société des naturalistes luxembourgeois 111: 85–105.</citation>
                <citation>Harms VL (2003) Checklist of the Vascular Plants of Saskatchewan and the provincially and nationally rare native plants in Saskatchewan. University Extension Press, U. of Saskatchewan, Saskatoon. 328 p.</citation>
                <citation>Hinds HR (2000) Flora of New Brunswick. 2nd. ed. University of New Brunswick, Fredericton.</citation>
                <citation identifier="http://www.eflora.bc.ca">Klinkenberg B, editor (2008) E-Flora BC: Electronic Atlas of the Plants of British Columbia. Lab. Advanced Spatial Analysis, Dept. Geography, U. British Columbia. http://www.eflora.bc.ca</citation>
                <citation>Marie-Victorin Fr (1995) Flore laurentienne. 3e éd. mise à jour et annotée par Brouillet L, Hay SG, Goulet I, Blondeau M, Cayouette J, Labrecque J. Presses de l’Univ. de Montréal, Montreal.</citation>
                <citation identifier="http://www.digitalnaturalhistory.com/meades.htm">Meades SJ, Hay SG, Brouillet L (2000) Vascular Plants of Newfoundland and Labrador. http://www.digitalnaturalhistory.com/meades.htm</citation>
                <citation>Moss EH (1983) Flora of Alberta. 2nd ed. University of Toronto Press.</citation>
                <citation>Newmaster SG, Lehela A, Oldham MJ, Uhlig PWC, McMurray S (1998) Ontario Plant List. Ontario Forest Research Institute, Sault Ste. Marie, Ontario. Forest Information Paper No. 123. 550 pp.</citation>
                <citation identifier="http://www.uoguelph.ca/foibis/">Newmaster SG, Ragupathy (2012+) Flora Ontario Integrated Botanical Information System (FOIBIS). http://www.uoguelph.ca/foibis/</citation>
                <citation>Porsild AE, Cody WG (1980) Vascular Plants of Continental Northwest Territories, Canada. Canadian National Museum of Natural Sciences. Ottawa, Ont.</citation>
                <citation>Roland AE (1998) Roland’s Flora of Nova Scotia. Revised by Zinck M. Nimbus Publishing &amp; N.S. Museum. Halifax, N.S.</citation>
          </bibliography>
          <resourceLogoUrl>http://data.canadensys.net/ipt/logo.do?r=vascan</resourceLogoUrl>
              <livingTimePeriod>17th to 21st century</livingTimePeriod>
          <dc:replaces>3f8a1297-3259-4700-91fc-acc4170b27ce/v37.9.xml</dc:replaces>
      </gbif>
    </metadata>
  </additionalMetadata>
</eml:eml>
