<archive xmlns="http://rs.tdwg.org/dwc/text/" metadata="eml.xml">
  <core encoding="UTF-8" fieldsTerminatedBy="\t" linesTerminatedBy="\n" fieldsEnclosedBy="" ignoreHeaderLines="1" rowType="http://rs.tdwg.org/dwc/terms/Taxon">
    <files>
      <location>taxon.txt</location>
    </files>
    <id index="0" />
    <field index="1" term="http://rs.tdwg.org/dwc/terms/taxonID"/>
    <field index="2" term="http://rs.tdwg.org/dwc/terms/acceptedNameUsageID"/>
    <field index="3" term="http://rs.tdwg.org/dwc/terms/parentNameUsageID"/>
    <field index="4" term="http://rs.tdwg.org/dwc/terms/nameAccordingToID"/>
    <field index="5" term="http://rs.tdwg.org/dwc/terms/scientificName"/>
    <field index="6" term="http://rs.tdwg.org/dwc/terms/acceptedNameUsage"/>
    <field index="7" term="http://rs.tdwg.org/dwc/terms/parentNameUsage"/>
    <field index="8" term="http://rs.tdwg.org/dwc/terms/nameAccordingTo"/>
    <field index="9" term="http://rs.tdwg.org/dwc/terms/higherClassification"/>
    <field index="10" term="http://rs.tdwg.org/dwc/terms/class"/>
    <field index="11" term="http://rs.tdwg.org/dwc/terms/order"/>
    <field index="12" term="http://rs.tdwg.org/dwc/terms/family"/>
    <field index="13" term="http://rs.tdwg.org/dwc/terms/genus"/>
    <field index="14" term="http://rs.tdwg.org/dwc/terms/subgenus"/>
    <field index="15" term="http://rs.tdwg.org/dwc/terms/specificEpithet"/>
    <field index="16" term="http://rs.tdwg.org/dwc/terms/infraspecificEpithet"/>
    <field index="17" term="http://rs.tdwg.org/dwc/terms/taxonRank"/>
    <field index="18" term="http://rs.tdwg.org/dwc/terms/scientificNameAuthorship"/>
    <field index="19" term="http://rs.tdwg.org/dwc/terms/taxonomicStatus"/>
    <field index="20" term="http://purl.org/dc/terms/modified"/>
    <field index="21" term="http://purl.org/dc/terms/license"/>
    <field index="22" term="http://purl.org/dc/terms/bibliographicCitation"/>
    <field index="23" term="http://purl.org/dc/terms/references"/>
  </core>
  <extension encoding="UTF-8" fieldsTerminatedBy="\t" linesTerminatedBy="\n" fieldsEnclosedBy="" ignoreHeaderLines="1" rowType="http://rs.gbif.org/terms/1.0/Description">
    <files>
      <location>description.txt</location>
    </files>
    <coreid index="0" />
    <field index="1" term="http://purl.org/dc/terms/description"/>
    <field index="2" term="http://purl.org/dc/terms/type"/>
  </extension>
  <extension encoding="UTF-8" fieldsTerminatedBy="\t" linesTerminatedBy="\n" fieldsEnclosedBy="" ignoreHeaderLines="1" rowType="http://rs.gbif.org/terms/1.0/VernacularName">
    <files>
      <location>vernacularname.txt</location>
    </files>
    <coreid index="0" />
    <field index="1" term="http://rs.tdwg.org/dwc/terms/vernacularName"/>
    <field index="2" term="http://purl.org/dc/terms/source"/>
    <field index="3" term="http://purl.org/dc/terms/language"/>
    <field index="4" term="http://rs.gbif.org/terms/1.0/isPreferredName"/>
  </extension>
  <extension encoding="UTF-8" fieldsTerminatedBy="\t" linesTerminatedBy="\n" fieldsEnclosedBy="" ignoreHeaderLines="1" rowType="http://rs.gbif.org/terms/1.0/Distribution">
    <files>
      <location>distribution.txt</location>
    </files>
    <coreid index="0" />
    <field index="1" term="http://rs.tdwg.org/dwc/terms/locationID"/>
    <field index="2" term="http://rs.tdwg.org/dwc/terms/locality"/>
    <field index="3" term="http://rs.tdwg.org/dwc/terms/countryCode"/>
    <field index="4" term="http://rs.tdwg.org/dwc/terms/occurrenceStatus"/>
    <field index="5" term="http://rs.tdwg.org/dwc/terms/establishmentMeans"/>
    <field index="6" term="http://purl.org/dc/terms/source"/>
    <field index="7" term="http://rs.tdwg.org/dwc/terms/occurrenceRemarks"/>
  </extension>
  <extension encoding="UTF-8" fieldsTerminatedBy="\t" linesTerminatedBy="\n" fieldsEnclosedBy="" ignoreHeaderLines="1" rowType="http://rs.tdwg.org/dwc/terms/ResourceRelationship">
    <files>
      <location>resourcerelationship.txt</location>
    </files>
    <coreid index="0" />
    <field index="1" term="http://rs.tdwg.org/dwc/terms/relatedResourceID"/>
    <field index="2" term="http://rs.tdwg.org/dwc/terms/relationshipOfResource"/>
  </extension>
</archive>
